Model,Accuracy,ROC_AUC
Logistic Regression,0.8216939890710382,0.9024588644380312
Random Forest,0.8314754098360655,0.9014073021885523
